Food Description,Fiber,Protein,Sodium,Sugars,Saturated Fat,Energy
"Betty Crocker Hello Kitty Fruit Snacks 10 Count",0,0,130,39.13,0,0
""MEIJI, HELLO PANDA COOKIES, VANILLA CREME"",0,6.67,283,30,16.67,533
""MEIJI, HELLO PANDA BISCUITS WITH STRAWBERRY CREAM"",3.8,7.69,365,23.08,11.54,538
""MEIJI, HELLO PANDA, CHOCO BISCUITS WITH CHOCO CREAM, DOUBLE CHOCO"",6.7,6.67,333,26.67,20,533
""LINDT, HELLO MY NAME IS COFFEE BLAST"",0,7.69,103,48.72,23.08,564
""POPSICLE, HELLO KITTY, STRAWBERRY AND CHERRY FROZEN CONFECTION NATURALLY AND ARTIFICIALLY FLAVORED"",0,0,12,11.63,0,81
""HELLO KITTY, RICE CRACKER, STRAWBERRY SENBEL"",0,3.33,400,20,12,500
""MEIJI, HELLO PANDA, CHOCOLATE CREME FILLED COOKIES"",3.3,6.67,267,26.67,16.67,533
""MEIJI, HELLO PANDA, BISCUITS WITH CHOCO CREAM"",3.8,7.69,346,26.92,15.38,531
""LINDT, HELLO MY NAME IS COOKIES & CREAM, MILK CHOCOLATE WITH COOKIES AND CREAM FILLING"",2.5,5,112,50,25,550
""SANRIO, HELLO KITTY, INSTANT SEASONING, EGG FURIKAKE"",0,0,4400,40,0,400
""HELLO KITTY, INSTANT SEASONING, VEGETABLE FURIKAKE"",0,0,4800,40,0,400
"HELLO PANDA BISCUITS WITH MILK CREME",0,6.67,283,30,16.67,533
""MEIJI, HELLO PANDA BISCUITS WITH CHOCO CREME"",3.3,6.67,267,26.67,16.67,533
""MEIJI, HELLO PANDA CREME FILLED COOKIES, STRAWBERRY"",3.3,6.67,333,30,16.67,533
""HELLO KITTY, TAFFY CANDY"",0,0,56,44.44,4.44,389
""HELLO KITTY, SANRIO, HELLO KITTY"",0,0,0,80,0,400
""HELLO KITTY TAFFY CANDY, STICKERS, COLORED PENCIL AND ERASER SET"",0,0,167,50,0,417
""FRANKFORD, HELLO KITTY, HELLO KITTY EGGS WITH CANDY INSIDE"",0,0,0,60,0,300
""CLEVER COOKIE, HELLO KITTY SUGAR COOKIE"",0,4.65,395,23.26,9.3,395
""HELLO KITTY, DEAR DANIEL GUMMY CANDY"",0,5.56,42,55.56,0,361
""HELLO KITTY, CARAMEL APPLE KIT"",2.7,8.11,311,39.19,10.81,459
""HELLO KITTY, CANDY BRACELETS"",0,0,0,77.78,0,444
""FRANKFORD, HELLO KITTY, COLLECTABLE TIN WITH CANDY"",0,0,0,78.57,0,357
"HELLO KITTY MELLOCREME CANDY",0,0,150,67.5,0,350
""JELLY BELLY, HELLO KITTY JELLY BEANS"",0,0,36,71.43,0,357
"HELLO PANDA",0,7.69,288,26.92,17.31,538
""TASTE OF NATURE, HELLO KITTY GUMMI TREATS"",0,7.5,25,52.5,0,350
""SANRIO, HELLO KITTY, SOUR GUMMI TREATS"",0,5,50,65,0,375
""SANRIO, HELLO KITTY, GUMMI TREATS"",0,7.5,25,52.5,0,350
""HELLO DELICIOUS!, POPCORN THINS, CRANBERRIES, PUMPKIN SEEDS & CARAMEL"",3.3,6.67,217,40,10,467
""LINDT, MILK CHOCOLATE COVERED HELLO PRETZEL ROUNDS BITE"",5,5,450,35,17.5,525
""SANRIO, HELLO KITTY FAN WITH CANDY"",0,0,0,90,0,400
""FRANKFORD, HELLO KITTY LOLLIPOP"",0,4.76,0,76.19,0,333
""JELLY BELLY, HELLO KITTY CANDY, MELLOCREME"",0,0,150,67.5,0,350
""SANRIO, HELLO KITTY SOUR GUMMI TREATS"",0,5,50,65,0,375
""CHOCO TREASURE, HELLO KITTY, CANDY EGG"",0,16.67,125,50,16.67,500
""MEGATOYS, JUST FOR YOU, HELLO KITTY GIFT SET PLUSH & HARD CANDY"",0,0,0,66.67,0,333
""HELLO KITTY, GUMMY HEARTS"",0,7.02,35,54.39,0,351
